id,age,bmi,ed_v,v_vv,sofa,pfr,pco2,pplat,lymph,nlrat,pct,ferritin,crp,fib,ddim,cluster
1,46,34,3,2,4,48.75,6,29,0.4,24,0.8,1609,306,7.2,10.3,2
2,34,37,6,1,4,76.5,9.8918,29.36,0.5,31.2,12.33672727,115,217,4.1,80,2
3,66,26,6,1,10,61.57894737,7.55,28,0.3,19.3,6.29,5534,409,7.1,80,2
4,34,36,0,2,6,72.1875,7.1,30,1.9,9.6,1.21,267,388,7.1,7.4,1
5,53,42,1,2,12,80.83333333,9.3,31,0.8,7.4,100,6023,665,5.9,73.3,0
6,55,28,3,6,4,66,12,30,0.4,22.5,6.43,3800,460,10,24.4,0
7,52,26,0,7,10,68.25,14,32,0.7,14.4,17.22,1253,355,7.8,46.9,0
8,57,22,0,5,9,67.5,9,27,0.9,11.1,9.54,1903,596,11.5,31.2,0
9,53,27,1,6,13,65.25,11.5,26,1.8,8.3,55.65,6561,355,6.6,43.7,0
10,52,40,3,5,11,58.5,9.4,33,1.3,12.8,67.97,5968,441,7.4,13.1,0
11,34,30,0,7,13,58.5,13,30,1,6.3,100,10609,277,7.4,3.19,0
12,55,32,0,6,16,61.5,8,31,0.4,18.5,5.88,5911,335,9.7,6.6,0
13,48,33,0,5,10,38.25,19,30,0.4,24.5,5.01,1117,326,8.6,33,0
14,46,38,0,2,10,67.5,9.3,32,1,14.9,6.43,2639,291,5.2,1.8,1
15,35,28,4,3,5,67.5,9,30,0.5,17.8,14.37,2021,175,9,5.2,1
16,38,27,3,4,6,89.25,6.6,30,1.2,5.6,3.68,1212,332,10.5,26.9,0
17,41,35,2,7,4,45.75,10.1,38,1,11.4,1.33,282,315,9,9.1,0
18,46,25,0,4,6,78.75,12.1,30,0.6,10,0.9,998,225,8.6,5.1,1
19,52,23,0,6,12,61.5,15,32,0.5,24.8,6.72,2577,326,7.7,80,0
20,52,29,0,6,4,71.66666667,6.5,36,0.6,9.2,1.14,2984,579,10.5,6.5,0
21,52,32,2,1,10,58.2,9.3,24,0.4,42.8,4.24,38053,85,3.8,32.6,2
22,53,32,6,3,6,47.25,6.3,25,0.5,22.4,1.26,2804,338,6.6,7.1,2
23,40,27,1,6,4,72.75,7.3,31,0.6,14.8,3.45,4159,327,9,3.68,1
24,33,34,3,1,7,45,8.2,28,0.6,17,13.4,4007,438,3.3,80,2
25,26,29,2.818181818,1,6,60,9.8918,29.36,1.9,3,5.94,672,190,7,14.19,1
26,53,22,1,5,10,53.7,8.06,31,0.7,15.6,26,1189,362,5.9,61,0
27,44,26,6,6,8,94.6875,11.6,23,1.9,11.6,1.26,8046,198,4.1,35.5,1
28,33,25,0,4,4,92.8125,10.1,30,0.3,41.3,2,1474,281,8.8,4.42,1
29,41,29,2,8,4,67.75,5.54,22,0.8,29,1.14,1907,106,6.7,9.7,1
30,31,22,9,3,4,75.08823529,8.87,32,0.5,9.2,0.16,2321,103,4.1,5.2,1
31,43,30,2,8,7,77.64705882,9.8,31,0.9,10.1,0.17,855,292,9.7,22.75072727,0
32,35,29,1,6,7,57.75,7,31,1.6,5.875,0.31,537,282,8.6,35.5,0
33,35,34,4,5,4,77.8125,9,31,1,12.1,0.15,74,61,4.6,9.3,1
34,48,34,1,2,7,88.125,9.2,26,0.3,29,1.17,6060,248,5.9,3.18,1
35,50,29,3,6,5,78.75,11,26,1.5,9.266666667,0.62,1516,354,7.7,50.84,0
36,33,30,0,1,10,90,9.3,27,2,11.15,4.9,1815,265,5.3,7,1
37,53,29,6,6,8,61.66666667,7.2,30,1.1,8.909090909,0.24,904,11,9,3.1,1
38,46,40,5,5,7,90,7,34,0.6,2.333333333,22.5,2729,496,6.3,61.6,0
39,36,23,1,4,4,62.5,6.5,25,0.6,6,1.22,4593,320,8,5.3,1
40,49,33,3,5,7,63.33333333,5.45,34,1.5,7.733333333,52,597,538,10.3,21.6,0
41,55,29,6,1,4,79.5,7.2,32,0.4,49,2.76,1924,350,10.5,6.5,2
42,45,32,2,0,4,51.75,7.95,27,0.4,25,0.25,1647,241,6.6,9.1,2
43,54,46,9,0,8,69.79139338,9.8918,29.36,0.6,19.16666667,7.4,1610,373,8.2,59,2
44,45,28,1,4,6,71.66666667,13.2,29,0.6,20.83333333,48,1751,276,4.6,3.55,1
45,45,32,11,1,5,69.79139338,9.8918,29.36,1,10.8,1.96,8757,327,5.2,6.8,2
46,33,33,4,1,5,106.25,7.1,25,0.7,14.14285714,4.3,4197,343,8.8,1.38,1
47,35,25,4,1,4,94.6875,5.9,32,1.8,10.72222222,1.78,288,254,5.4,2.3,1
48,41,40,1,3,4,94.28571429,8.5,33,1,11,0.26,3446,14,3.5,6.7,1
49,44,29,8,1,9,54.16666667,10,32,0.8,21.875,36.2,1620,401,5.9,35.4,2
50,53,35,3,2,5,59.16666667,7.49,20,0.4,6.75,0.28,1002,10,3.6,7.9,1
51,46,35,5,6,4,69.79139338,9.8918,29.36,0.6,18.33333333,9.4,482,453,6.5,29,0
52,54,29,0,8,4,83.34,8.49,29,0.6,13.66666667,0.68,664,137,5,5.4,1
53,52,52,0,2,4,58,10,31,0.4,23,1.45,1350,152,5.4,1.4,1
54,48,37,1,8,4,84,9,18,1.2,7.083333333,3.36,996,67,4.2,2.48,1
55,48,29,3,4,4,72,7.08,34,0.5,16.6,0.95,574,123,3.8,5.32,1
56,65,26,9,1,9,69.79139338,9.8918,29.36,0.2,80,6.79,1939,211,6,30.56,2
